Posting Date,Description,Debit,Credit
2026-08-03,ONLINE TRANSFER TO SAVINGS XXXX0000,$500.00,
2026-08-03,ACH CREDIT LAKESIDE VET CLINI PPD ID 4721701,,"$3,674.71"
2026-08-04,ACH DEBIT EVERGREEN TOOL REN,"$2,060.79",
2026-08-04,ACH DEBIT NORTHSIDE CONCRETE,"$1,875.33",
2026-08-05,EQUIPMENT LOAN PAYMENT,"$1,245.00",
2026-08-05,ACH CREDIT LAKESIDE VET CLINI INV 5035,,"$4,039.54"
2026-08-07,ACH CREDIT FOX RUN TOWNHOMES PPD ID 2161149,,"$2,841.19"
2026-08-07,CHECK 1049,"$2,379.93",
2026-08-07,ACH CREDIT LAKESIDE VET CLINI INV 5030,,"$5,155.79"
2026-08-08,ACH CREDIT GRAY OWL BOOKSHOP PPD ID 8035863,,$703.27
2026-08-08,ACH CREDIT PINECONE PROPERTY PPD ID 1269815,,"$2,264.09"
2026-08-08,ACH CREDIT BLUEBIRD BAKERY PPD ID 8181906,,"$5,375.34"
2026-08-09,ACH CREDIT TALL PINES MOTEL,,"$3,000.00"
2026-08-09,ACH CREDIT QUIET BROOK INN PPD ID 9690678,,"$5,168.13"
2026-08-10,ACH CREDIT BIRCHWOOD HOA,,"$2,775.50"
2026-08-10,MOBILE DEPOSIT REF 983768,,"$4,202.05"
2026-08-12,ACH DEBIT J SMITH PLUMBING,$975.00,
2026-08-12,ACH CREDIT GRAY OWL BOOKSHOP PPD ID 5007575,,"$2,902.60"
2026-08-12,ACH DEBIT NORTHSIDE CONCRETE,"$2,657.87",
2026-08-12,ACH CREDIT MAPLE LEAF LAUNDRO PPD ID 4078253,,"$5,306.16"
2026-08-12,CHECK 1047,"$3,157.49",
2026-08-13,ACH CREDIT GRAY OWL BOOKSHOP PPD ID 3700070,,$770.41
2026-08-13,ACH CREDIT LAKESIDE VET CLINI PPD ID 9506769,,"$5,671.93"
2026-08-13,ACH CREDIT HARBOR VIEW DENTAL PPD ID 1000089,,"$5,823.87"
2026-08-14,PAYROLL TRANSFER,"$8,450.00",
2026-08-14,WIRE TRANSFER FEE,$25.00,
2026-08-14,ACH CREDIT HARBOR VIEW DENTAL INV 5032,,$728.35
2026-08-15,ACH CREDIT CEDAR HILL KENNELS,,"$1,000.00"
2026-08-16,ACH CREDIT BLUEBIRD BAKERY PPD ID 1240828,,"$3,191.71"
2026-08-16,ACH CREDIT WILLOW CREEK CHAPE PPD ID 8242404,,"$4,314.30"
2026-08-16,ACH DEBIT METRO WASTE HAULIN,$311.19,
2026-08-16,CHECK 1054,"$3,278.10",
2026-08-16,ACH CREDIT WILLOW CREEK CHAPE INV 5031,,"$3,421.00"
2026-08-16,ACH CREDIT FOX RUN TOWNHOMES INV 5033,,"$2,536.75"
2026-08-16,ACH CREDIT BLUEBIRD BAKERY INV 5034,,"$5,010.35"
2026-08-17,CHECK 1043,$540.00,
2026-08-18,ACH CREDIT LAKESIDE VET CLINI PPD ID 4054304,,"$4,975.51"
2026-08-19,MOBILE DEPOSIT REF 553190,,"$1,850.00"
2026-08-19,CHECK 1044,"$2,241.12",
2026-08-19,CHECK 1048,$841.19,
2026-08-19,CHECK 1053,"$2,730.66",
2026-08-20,MERCHANT SERVICES FEE,$38.12,
2026-08-20,CHECK 1051,$268.44,
2026-08-21,ACH CREDIT GRAY OWL BOOKSHOP PPD ID 3133093,,"$1,309.30"
2026-08-21,ACH CREDIT LAKESIDE VET CLINI PPD ID 3713310,,"$4,558.24"
2026-08-21,ACH DEBIT EVERGREEN TOOL REN,"$2,044.80",
2026-08-21,ACH DEBIT SUMMIT ROOFING SUP,"$2,055.41",
2026-08-22,POS PURCHASE BRIGHTWAY FUEL,$212.40,
2026-08-22,POS PURCHASE BRIGHTWAY FUEL,$212.40,
2026-08-23,MOBILE DEPOSIT REF 415936,,"$2,739.45"
2026-08-23,ACH DEBIT RED BARN HARDWARE,"$3,442.81",
2026-08-23,CHECK 1050,$811.20,
2026-08-24,ACH CREDIT QUIET BROOK INN PPD ID 5751660,,"$6,014.41"
2026-08-24,CHECK 1046,"$3,228.27",
2026-08-25,ACH CREDIT FOX RUN TOWNHOMES PPD ID 3939888,,"$5,413.17"
2026-08-25,CHECK 1045,"$1,388.22",
2026-08-26,RETURNED ITEM FEE,$12.00,
2026-08-26,CHECK 1052,"$1,871.90",
2026-08-28,PAYROLL TRANSFER,"$8,450.00",
2026-08-31,MONTHLY SERVICE FEE,$15.00,
2026-08-31,INTEREST PAYMENT,,$1.87
2026-08-31,CHECK 1055,"$3,163.45",
