Date,Name,Num,Amount
07/28/2026,Willow Creek Chapel,INV-5010,"1,064.98"
07/28/2026,Evergreen Tool Rental,BILL-3004,"(1,924.52)"
07/29/2026,Maple Leaf Laundromat,INV-5018,"2,034.11"
07/29/2026,Summit Roofing Supply,1049,"(1,461.50)"
07/29/2026,Maple Leaf Laundromat,INV-5032,"3,713.56"
07/30/2026,Lakeside Vet Clinic,INV-5014,"3,674.71"
07/30/2026,Quiet Brook Inn,INV-5019,695.24
07/31/2026,Evergreen Tool Rental,BILL-3006,"(2,060.79)"
07/31/2026,Fox Run Townhomes,INV-5028,"1,414.24"
08/01/2026,Fox Run Townhomes,INV-5024,"2,841.19"
08/01/2026,Copper Kettle Diner,INV-5026,"4,202.05"
08/02/2026,Harbor View Dental,INV-5017,"1,097.10"
08/02/2026,Northside Concrete Co,1041,(256.60)
08/04/2026,Birchwood HOA,INV-5008,"1,500.00"
08/04/2026,Maple Leaf Laundromat,INV-5022,"5,306.16"
08/05/2026,Harbor View Dental,INV-5025,"5,823.87"
08/05/2026,Metro Waste Hauling,1045,"(3,157.49)"
08/05/2026,Pinecone Property Mgmt,INV-5033,549.17
08/06/2026,Tall Pines Motel,INV-5007,"4,200.00"
08/06/2026,Red Barn Hardware,BILL-3008,"(1,453.13)"
08/07/2026,Birchwood HOA,INV-5009,"1,275.50"
08/08/2026,Gray Owl Bookshop,INV-5013,"2,902.60"
08/08/2026,Metro Waste Hauling,BILL-3009,"(2,223.66)"
08/09/2026,Summit Roofing Supply,BILL-3005,"(2,343.25)"
08/10/2026,John Smith Plumbing LLC,BILL-3001,(975.00)
08/10/2026,Lakeside Vet Clinic,INV-5020,"4,205.04"
08/11/2026,Riverside Lumber Supply,BILL-3002,(975.00)
08/11/2026,Clearpane Glass Inc,1042,"(2,241.12)"
08/12/2026,Lakeside Vet Clinic,INV-5023,"4,558.24"
08/12/2026,Metro Waste Hauling,1043,"(1,388.22)"
08/12/2026,Clearpane Glass Inc,1051,"(1,806.99)"
08/15/2026,Evergreen Tool Rental,1044,"(3,228.27)"
08/15/2026,Quick Fix Electric,1048,"(2,375.49)"
08/15/2026,Clearpane Glass Inc,1050,"(2,308.95)"
08/15/2026,Maple Leaf Laundromat,INV-5030,"2,096.52"
08/16/2026,Harbor View Dental,INV-5034,"4,436.10"
08/17/2026,Oak Hollow Apartments,INV-5001,"1,850.00"
08/18/2026,Sunnyside Daycare,INV-5002,"1,850.00"
08/18/2026,Fox Run Townhomes,INV-5016,"6,146.21"
08/18/2026,Fox Run Townhomes,INV-5029,"5,413.17"
08/18/2026,Northside Concrete Co,BILL-3007,"(1,274.72)"
08/19/2026,Gray Owl Bookshop,INV-5011,"4,975.51"
08/20/2026,Quiet Brook Inn,INV-5012,"6,014.41"
08/20/2026,Evergreen Tool Rental,1047,(745.06)
08/21/2026,Brightway Fuel,BILL-3003,(212.40)
08/21/2026,Pinecone Property Mgmt,INV-5021,"5,671.93"
08/21/2026,Metro Waste Hauling,BILL-3010,"(2,055.41)"
08/21/2026,Evergreen Tool Rental,1046,"(2,090.78)"
08/23/2026,Gray Owl Bookshop,INV-5015,"2,688.03"
08/23/2026,Metro Waste Hauling,1040,"(2,960.01)"
08/23/2026,Quiet Brook Inn,INV-5031,"2,038.26"
08/24/2026,Quiet Brook Inn,INV-5027,"2,012.84"
08/24/2026,Copper Kettle Diner,INV-5035,"1,407.48"
08/25/2026,Gray Owl Bookshop,INV-5003,"3,238.50"
08/27/2026,Gray Owl Bookshop,INV-5004,"1,969.01"
08/28/2026,Bluebird Bakery,INV-5005,"2,707.42"
08/29/2026,Pinecone Property Mgmt,INV-5006,"2,406.04"
