Date,Description,Amount
08/03/2026,ONLINE TRANSFER TO SAVINGS XXXX0000,-500.00
08/03/2026,ACH CREDIT LAKESIDE VET CLINI PPD ID 4721701,"3,674.71"
08/04/2026,ACH DEBIT EVERGREEN TOOL REN,"-2,060.79"
08/04/2026,ACH DEBIT NORTHSIDE CONCRETE,"-1,875.33"
08/05/2026,EQUIPMENT LOAN PAYMENT,"-1,245.00"
08/05/2026,ACH CREDIT LAKESIDE VET CLINI INV 5034,"4,039.54"
08/07/2026,ACH CREDIT FOX RUN TOWNHOMES PPD ID 2161149,"2,841.19"
08/07/2026,CHECK 1049,"-2,379.93"
08/07/2026,ACH CREDIT LAKESIDE VET CLINI INV 5029,"5,155.79"
08/08/2026,ACH CREDIT GRAY OWL BOOKSHOP PPD ID 8035863,703.27
08/08/2026,ACH CREDIT PINECONE PROPERTY PPD ID 1269815,"2,264.09"
08/08/2026,ACH CREDIT BLUEBIRD BAKERY PPD ID 8181906,"5,375.34"
08/09/2026,ACH CREDIT TALL PINES MOTEL,"3,000.00"
08/09/2026,ACH CREDIT QUIET BROOK INN PPD ID 9690678,"5,168.13"
08/10/2026,ACH CREDIT BIRCHWOOD HOA,"2,775.50"
08/10/2026,MOBILE DEPOSIT REF 983768,"4,202.05"
08/12/2026,ACH DEBIT J SMITH PLUMBING,-975.00
08/12/2026,ACH CREDIT GRAY OWL BOOKSHOP PPD ID 5007575,"2,902.60"
08/12/2026,ACH DEBIT NORTHSIDE CONCRETE,"-2,657.87"
08/12/2026,ACH CREDIT MAPLE LEAF LAUNDRO PPD ID 4078253,"5,306.16"
08/12/2026,CHECK 1047,"-3,157.49"
08/13/2026,ACH CREDIT GRAY OWL BOOKSHOP PPD ID 3700070,770.41
08/13/2026,ACH CREDIT LAKESIDE VET CLINI PPD ID 9506769,"5,671.93"
08/13/2026,ACH CREDIT HARBOR VIEW DENTAL PPD ID 1000089,"5,823.87"
08/14/2026,PAYROLL TRANSFER,"-8,450.00"
08/14/2026,WIRE TRANSFER FEE,-25.00
08/14/2026,ACH CREDIT HARBOR VIEW DENTAL INV 5031,728.35
08/16/2026,ACH CREDIT BLUEBIRD BAKERY PPD ID 1240828,"3,191.71"
08/16/2026,ACH CREDIT WILLOW CREEK CHAPE PPD ID 8242404,"4,314.30"
08/16/2026,ACH DEBIT METRO WASTE HAULIN,-311.19
08/16/2026,CHECK 1054,"-3,278.10"
08/16/2026,ACH CREDIT WILLOW CREEK CHAPE INV 5030,"3,421.00"
08/16/2026,ACH CREDIT FOX RUN TOWNHOMES INV 5032,"2,536.75"
08/16/2026,ACH CREDIT BLUEBIRD BAKERY INV 5033,"5,010.35"
08/17/2026,CHECK 1043,-540.00
08/18/2026,ACH CREDIT LAKESIDE VET CLINI PPD ID 4054304,"4,975.51"
08/19/2026,MOBILE DEPOSIT REF 553190,"1,850.00"
08/19/2026,CHECK 1044,"-2,241.12"
08/19/2026,CHECK 1048,-841.19
08/19/2026,CHECK 1053,"-2,730.66"
08/20/2026,MERCHANT SERVICES FEE,-38.12
08/20/2026,CHECK 1051,-268.44
08/21/2026,ACH CREDIT GRAY OWL BOOKSHOP PPD ID 3133093,"1,309.30"
08/21/2026,ACH CREDIT LAKESIDE VET CLINI PPD ID 3713310,"4,558.24"
08/21/2026,ACH DEBIT EVERGREEN TOOL REN,"-2,044.80"
08/21/2026,ACH DEBIT SUMMIT ROOFING SUP,"-2,055.41"
08/22/2026,POS PURCHASE BRIGHTWAY FUEL,-212.40
08/22/2026,POS PURCHASE BRIGHTWAY FUEL,-212.40
08/23/2026,MOBILE DEPOSIT REF 415936,"2,739.45"
08/23/2026,ACH DEBIT RED BARN HARDWARE,"-3,442.81"
08/23/2026,CHECK 1050,-811.20
08/24/2026,ACH CREDIT QUIET BROOK INN PPD ID 5751660,"6,014.41"
08/24/2026,CHECK 1046,"-3,228.27"
08/25/2026,ACH CREDIT FOX RUN TOWNHOMES PPD ID 3939888,"5,413.17"
08/25/2026,CHECK 1045,"-1,388.22"
08/26/2026,RETURNED ITEM FEE,-12.00
08/26/2026,CHECK 1052,"-1,871.90"
08/28/2026,PAYROLL TRANSFER,"-8,450.00"
08/31/2026,MONTHLY SERVICE FEE,-15.00
08/31/2026,INTEREST PAYMENT,1.87
08/31/2026,CHECK 1055,"-3,163.45"
